no,type,code,name,parent_code,threshold,unit
0,,V-0001,VERNON STORE,,0,
0,,S-0001,SUPPLIER,,0,
1,FIXED GOODS,S-GRECH-RAJA3000,GRECH Amphibious Eco Pump RAJA-3000,S-0001,0,PC
2,FIXED GOODS,S-GRECH-RAJA3600,GRECH Amphibious Eco Pump RAJA-3600,S-0001,0,PC
3,FIXED GOODS,S-GRECH-RAJA5200,GRECH Amphibious Eco Pump RAJA-5200,S-0001,0,PC
4,FIXED GOODS,S-GRECH-RAJA6000,GRECH Amphibious Eco Pump RAJA-6000,S-0001,0,PC
5,FIXED GOODS,S-GRECH-RAJA8000,GRECH Amphibious Eco Pump RAJA-8000,S-0001,0,PC
6,FIXED GOODS,S-GRECH-RAJA10000,GRECH Amphibious Eco Pump RAJA-10000,S-0001,1,PC
7,FIXED GOODS,S-GRECH-RAJA12000,GRECH Amphibious Eco Pump RAJA-12000,S-0001,0,PC
8,FIXED GOODS,S-GRECH-RAJA14000,GRECH Amphibious Eco Pump RAJA-14000,S-0001,0,PC
9,FIXED GOODS,S-GRECH-RAJA16000,GRECH Amphibious Eco Pump RAJA-16000,S-0001,1,PC
10,FIXED GOODS,S-GRECH-CEF16000,GRECH CEF Frequency Conversion Fish Pond Pump CEF-16000,S-0001,0,PC
11,FIXED GOODS,S-GRECH-CEF22000,GRECH CEF Frequency Conversion Fish Pond Pump CEF-22000,S-0001,0,PC
12,FIXED GOODS,S-GRECH-CEF26000,GRECH CEF Frequency Conversion Fish Pond Pump CEF-26000,S-0001,2,PC
13,FIXED GOODS,S-GRECH-KOI7000,GRECH Frequency Variation Pump KOI-7000,S-0001,2,PC
14,FIXED GOODS,S-GRECH-HF500UV,GRECH Hang On Back Filter HF-500UV,S-0001,0,PC
15,FIXED GOODS,V-GRECH-HF600UV,GRECH Hang On Back Filter HF-600UV,V-0001,0,PC
16,FIXED GOODS,S-JETEPE-JTP5800,JETEPE Frequency Variation Pump JTP-5800,S-0001,1,PC
17,FIXED GOODS,V-JETEPE-JTP5800,JETEPE Frequency Variation Pump JTP-5800,V-0001,0,PC
18,FIXED GOODS,S-JETEPE-JTP9000,JETEPE Frequency Variation Pump JTP-9000,S-0001,1,PC
19,FIXED GOODS,V-JETEPE-JTP9000,JETEPE Frequency Variation Pump JTP-9000,V-0001,1,PC
20,FIXED GOODS,S-JETEPE-JTP12000,JETEPE Frequency Variation Pump JTP-12000,S-0001,0,PC
21,FIXED GOODS,V-JETEPE-JTP12000,JETEPE Frequency Variation Pump JTP-12000,V-0001,0,PC
22,FIXED GOODS,S-JETEPE-JTP16000,JETEPE Frequency Variation Pump JTP-16000,S-0001,0,PC
23,FIXED GOODS,V-JETEPE-JTP16000,JETEPE Frequency Variation Pump JTP-16000,V-0001,0,PC
24,FIXED GOODS,S-JETEPE-JTP5800UV,JETEPE Frequency Variation Pump JTP-5800+UV,S-0001,3,PC
25,FIXED GOODS,V-JETEPE-JTP5800UV,JETEPE Frequency Variation Pump JTP-5800+UV,V-0001,1,PC
26,FIXED GOODS,S-JETEPE-JTP9000UV,JETEPE Frequency Variation Pump JTP-9000+UV,S-0001,1,PC
27,FIXED GOODS,S-PUMPA-LW602B,PUMPA External Filter LW602B,S-0001,0,PC
28,FIXED GOODS,S-PUMPA-CTP3000,PUMPA Low Watt Submersible Pump CTP 3000,S-0001,0,PC
29,FIXED GOODS,S-PUMPA-CTP6000,PUMPA Low Watt Submersible Pump CTP 6000,S-0001,0,PC
30,FIXED GOODS,S-PUMPA-CTP7000,PUMPA Low Watt Submersible Pump CTP 7000,S-0001,0,PC
31,FIXED GOODS,S-PUMPA-CTP8000,PUMPA Low Watt Submersible Pump CTP 8000,S-0001,0,PC
32,FIXED GOODS,S-PUMPA-CTP10000,PUMPA Low Watt Submersible Pump CTP 10000,S-0001,0,PC
33,FIXED GOODS,S-PUMPA-CTP12000,PUMPA Low Watt Submersible Pump CTP 12000,S-0001,0,PC
34,FIXED GOODS,S-PUMPA-CTP16000,PUMPA Low Watt Submersible Pump CTP 16000,S-0001,0,PC
35,FIXED GOODS,S-PUMPA-HF501,PUMPA Hang On Filter HF 501,S-0001,0,PC
36,FIXED GOODS,S-PUMPA-HF701,PUMPA Hang On Filter HF 701,S-0001,0,PC
37,FIXED GOODS,S-PUMPA-JTP2000,PUMPA Frequency Variation Pump JTP-2000,S-0001,1,PC
38,FIXED GOODS,S-PUMPA-JTP2500,PUMPA Frequency Variation Pump JTP-2500,S-0001,0,PC
39,FIXED GOODS,V-PUMPA-JTP2500,PUMPA Frequency Variation Pump JTP-2500,V-0001,0,PC
40,FIXED GOODS,S-PUMPA-JTP3000,PUMPA Frequency Variation Pump JTP-3000,S-0001,0,PC
41,FIXED GOODS,S-PUMPA-JTP5800,PUMPA Frequency Variation Pump JTP-5800,S-0001,3,PC
42,FIXED GOODS,V-PUMPA-JTP5800,PUMPA Frequency Variation Pump JTP-5800,V-0001,0,PC
43,FIXED GOODS,S-PUMPA-JY02,PUMPA Surface Skimmer JY-02,S-0001,0,PC
44,FIXED GOODS,S-PUMPA-JY03,PUMPA Surface Skimmer JY-03,S-0001,0,PC
45,FIXED GOODS,V-PUMPA-LW602B,PUMPA External Filter LW 602B,V-0001,0,PC
46,FIXED GOODS,S-PUMPA-LW603B,PUMPA External Filter LW 603B,S-0001,0,PC
47,FIXED GOODS,S-PUMPA-LW302,PUMPA External Filter LW 302,S-0001,0,PC
48,FIXED GOODS,S-PUMPA-LW303,PUMPA External Filter LW 303,S-0001,0,PC
49,FIXED GOODS,S-PUMPA-LW303UV,PUMPA External Filter LW 303 + UV,S-0001,0,PC
50,FIXED GOODS,S-PUMPA-LW304,PUMPA External Filter LW 304,S-0001,0,PC
51,FIXED GOODS,S-PUMPA-LW304UV,PUMPA External Filter LW 304 + UV,S-0001,0,PC
52,FIXED GOODS,S-PUMPA-MINI200L,PUMPA Micro Internal Filter Submersible Pump MINI 200L,S-0001,0,PC
53,FIXED GOODS,S-PUMPA-MINI300L,PUMPA Micro Internal Filter Submersible Pump MINI 300L,S-0001,0,PC
54,FIXED GOODS,S-PUMPA-P101,PUMPA Multi-Function Submersible Pump P-101,S-0001,0,PC
55,FIXED GOODS,S-PUMPA-P102,PUMPA Multi-Function Submersible Pump P-102,S-0001,1,PC
56,FIXED GOODS,S-PUMPA-P103,PUMPA Multi-Function Submersible Pump P-103,S-0001,2,PC
57,FIXED GOODS,S-PUMPA-P104,PUMPA Multi-Function Submersible Pump P-104,S-0001,2,PC
58,FIXED GOODS,V-PUMPA-P104,PUMPA Multi-Function Submersible Pump P-104,V-0001,1,PC
59,FIXED GOODS,S-PUMPA-P105,PUMPA Multi-Function Submersible Pump P-105,S-0001,0,PC
60,FIXED GOODS,S-PUMPA-P106,PUMPA Multi-Function Submersible Pump P-106,S-0001,0,PC
61,FIXED GOODS,S-PUMPA-P107,PUMPA Multi-Function Submersible Pump P-107,S-0001,0,PC
62,FIXED GOODS,V-PUMPA-P107,PUMPA Multi-Function Submersible Pump P-107,V-0001,0,PC
63,FIXED GOODS,S-PUMPA-P108,PUMPA Multi-Function Submersible Pump P-108,S-0001,1,PC
64,FIXED GOODS,S-PUMPA-P1500,PUMPA Submersible Pump P-1500,S-0001,0,PC
65,FIXED GOODS,V-PUMPA-P1500,PUMPA Submersible Pump P-1500,V-0001,0,PC
66,FIXED GOODS,S-PUMPA-P2500,PUMPA Submersible Pump P-2500,S-0001,1,PC
67,FIXED GOODS,S-PUMPA-P3500,PUMPA Submersible Pump P-3500,S-0001,11,PC
68,FIXED GOODS,V-PUMPA-P3500,PUMPA Submersible Pump P-3500,V-0001,1,PC
69,FIXED GOODS,S-PUMPA-P4500,PUMPA Submersible Pump P-4500,S-0001,0,PC
70,FIXED GOODS,S-PUMPA-WP103,PUMPA Bottom Section Pump WP 103,S-0001,0,PC
71,FIXED GOODS,S-PUMPA-WP104,PUMPA Bottom Section Pump WP 104,S-0001,0,PC
72,FIXED GOODS,S-PUMPA-WP105,PUMPA Bottom Section Pump WP 105,S-0001,0,PC
73,FIXED GOODS,S-PUMPA-WP106,PUMPA Bottom Section Pump WP 106,S-0001,0,PC
74,FIXED GOODS,S-PUMPA-WP107,PUMPA Bottom Section Pump WP 107,S-0001,0,PC
75,FIXED GOODS,S-PUMPA-WP1000,PUMPA Bottom Section Pump WP 1000,S-0001,0,PC
76,FIXED GOODS,S-PUMPA-WP1500,PUMPA Bottom Section Pump WP 1500,S-0001,3,PC
77,FIXED GOODS,S-PUMPA-WP2500,PUMPA Bottom Section Pump WP 2500,S-0001,1,PC
78,FIXED GOODS,S-PUMPA-WP3000,PUMPA Bottom Section Pump WP 3000,S-0001,0,PC
79,FIXED GOODS,S-PUMPA-WP3500,PUMPA Bottom Section Pump WP 3500,S-0001,0,PC
80,FIXED GOODS,S-PUMPA-WP4500,PUMPA Bottom Section Pump WP 4500,S-0001,0,PC
81,FIXED GOODS,S-PROPAM-AIR101,PROPAM Air Pump AIR 101,S-0001,1,PC
82,FIXED GOODS,S-PROPAM-AIR202,PROPAM Air Pump AIR 102,S-0001,0,PC
83,FIXED GOODS,S-PROPAM-AIR404,PROPAM Air Pump AIR 404,S-0001,1,PC
84,FIXED GOODS,S-PROPAM-JTP3800,PROPAM Frequenscy Variation Pump JTP 3800,S-0001,1,PC
85,FIXED GOODS,S-PROPAM-JTP4800,PROPAM Frequenscy Variation Pump JTP 4800,S-0001,7,PC
86,FIXED GOODS,S-PROPAM-JTP5800,PROPAM Frequenscy Variation Pump JTP 5800,S-0001,0,PC
87,FIXED GOODS,V-PROPAM-JTP5800,PROPAM Frequenscy Variation Pump JTP 5800,V-0001,0,PC
88,FIXED GOODS,S-PROPAM-JTP7000,PROPAM Frequenscy Variation Pump JTP 7000,S-0001,2,PC
89,FIXED GOODS,V-PROPAM-JTP7000,PROPAM Frequenscy Variation Pump JTP 7000,V-0001,0,PC
90,FIXED GOODS,S-PROPAM-JTP8000,PROPAM Frequenscy Variation Pump JTP 8000,S-0001,1,PC
91,FIXED GOODS,S-PROPAM-JTP9000,PROPAM Frequenscy Variation Pump JTP 9000,S-0001,10,PC
92,FIXED GOODS,S-PROPAM-JTP10000,PROPAM Frequenscy Variation Pump JTP 10000,S-0001,10,PC
93,FIXED GOODS,S-PROPAM-JTP12000,PROPAM Frequenscy Variation Pump JTP 12000,S-0001,3,PC
94,FIXED GOODS,S-PROPAM-JTP16000,PROPAM Frequenscy Variation Pump JTP 16000,S-0001,0,PC
95,FIXED GOODS,S-PROPAM-JTP7000UV,PROPAM Frequency Variation Pump JTP 7000+UV,S-0001,0,PC
96,FIXED GOODS,S-PROPAM-JTP8000UV,PROPAM Frequency Variation Pump JTP 8000+UV,S-0001,0,PC
97,FIXED GOODS,S-PROPAM-JTP9000UV,PROPAM Frequency Variation Pump JTP 9000+UV,S-0001,0,PC
98,FIXED GOODS,S-PROPAM-PP101,PROPAM Submersible Pump PP 101,S-0001,0,PC
99,FIXED GOODS,S-PROPAM-PP102,PROPAM Submersible Pump PP 102,S-0001,0,PC
100,FIXED GOODS,S-PROPAM-PP103,PROPAM Submersible Pump PP 103,S-0001,5,PC
101,FIXED GOODS,S-PROPAM-PP104,PROPAM Submersible Pump PP 104,S-0001,5,PC
102,FIXED GOODS,S-PROPAM-PP105,PROPAM Submersible Pump PP 105,S-0001,0,PC
103,FIXED GOODS,S-PROPAM-PP106,PROPAM Submersible Pump PP 106,S-0001,0,PC
104,FIXED GOODS,S-PROPAM-PP107,PROPAM Submersible Pump PP 107,S-0001,0,PC
105,FIXED GOODS,S-PROPAM-PP108,PROPAM Submersible Pump PP 108,S-0001,0,PC
106,FIXED GOODS,S-PROPAM-WM110,Propam Wave maker WM110,S-0001,6,PC
107,FIXED GOODS,S-PROPAM-WM120,Propam Wave maker WM120,S-0001,1,PC
108,FIXED GOODS,S-PROPAM-WM200,Propam Wave maker WM200,S-0001,2,PC
109,FIXED GOODS,S-PROPAM-WM201,Propam Wave maker WM201,S-0001,1,PC
110,FIXED GOODS,S-PROPAM-WM402,Propam Wave maker WM402,S-0001,2,PC
111,FIXED GOODS,S-SUNSUN-YT818,SUNSUN AC/DC Air Pump YT 818,S-0001,1,PC
112,FIXED GOODS,V-SUNSUN-YT818,SUNSUN AC/DC Air Pump YT 818,V-0001,3,PC
113,FIXED GOODS,S-SUNSUN-YT838,SUNSUN AC/DC Air Pump YT 838,S-0001,0,PC
114,FIXED GOODS,S-SUNSUN-YT858,SUNSUN AC/DC Air Pump YT 858,S-0001,0,PC
115,FIXED GOODS,S-SUNSUN-YT888,SUNSUN AC/DC Air Pump YT 888,S-0001,0,PC
116,FIXED GOODS,S-SUNSUN-HT100,SUNSUN Aquarium Glass Heater HT 100,S-0001,1,PC
117,FIXED GOODS,V-SUNSUN-HT100,SUNSUN Aquarium Glass Heater HT 100,V-0001,0,PC
118,FIXED GOODS,S-SUNSUN-HT200,SUNSUN Aquarium Glass Heater HT 200,S-0001,0,PC
119,FIXED GOODS,V-SUNSUN-HT200,SUNSUN Aquarium Glass Heater HT 200,V-0001,0,PC
120,FIXED GOODS,S-SUNSUN-HW602B,SUNSUN External Filter HW-602B,S-0001,0,PC
121,FIXED GOODS,S-SUNSUN-EX350,SUNSUN External Filter EX-350,S-0001,0,PC
122,FIXED GOODS,S-SUNSUN-EX1400UV,SUNSUN Outside Filter EX 1400 Plus UV,S-0001,0,PC
123,FIXED GOODS,S-SUNSUN-EX2000UV,SUNSUN Outside Filter EX 2000 Plus UV,S-0001,0,PC
124,FIXED GOODS,V-SUNSUN-HJ111B,SUNSUN Submersible Filtration pump HJ-111B,V-0001,4,PC
125,FIXED GOODS,S-SUNSUN-HJ311B,SUNSUN Submersible Filtration pump HJ-311B,S-0001,0,PC
126,FIXED GOODS,V-SUNSUN-HJ311B,SUNSUN Submersible Filtration pump HJ-311B,V-0001,0,PC
127,FIXED GOODS,S-SUNSUN-HJ411B,SUNSUN Submersible Filtration pump HJ-411B,S-0001,1,PC
128,FIXED GOODS,V-SUNSUN-HJ411B,SUNSUN Submersible Filtration pump HJ-411B,V-0001,0,PC
129,FIXED GOODS,S-SUNSUN-VC01DC,SUNSUN DC Multi-Function Gravel Cleaner VC-01DC,S-0001,0,PC
130,FIXED GOODS,S-SUNSUN-JTP1800,SUNSUN Frequency Variation Pump JTP-1800,S-0001,2,PC
131,FIXED GOODS,S-SUNSUN-RPS1800,SUNSUN Frequency Variation Pump RPS-1800,S-0001,0,PC
132,FIXED GOODS,S-SUNSUN-RPS2800,SUNSUN Frequency Variation Pump RPS-2800,S-0001,0,PC
133,FIXED GOODS,S-SUNSUN-RPS3800,SUNSUN Frequency Variation Pump RPS-3800,S-0001,0,PC
134,FIXED GOODS,S-SUNSUN-RPS4800,SUNSUN Frequency Variation Pump RPS-4800,S-0001,0,PC
135,FIXED GOODS,S-SUNSUN-RPS5800,SUNSUN Frequency Variation Pump RPS-5800,S-0001,1,PC
136,FIXED GOODS,V-SUNSUN-RPS5800,SUNSUN Frequency Variation Pump RPS-5800,V-0001,1,PC
137,FIXED GOODS,S-SUNSUN-RPS10000,SUNSUN Frequency Variation Pump RPS-10000,S-0001,0,PC
138,FIXED GOODS,S-SUNSUN-RPS12000,SUNSUN Frequency Variation Pump RPS-12000,S-0001,1,PC
139,FIXED GOODS,S-SUNSUN-RPS16000,SUNSUN Frequency Variation Pump RPS-16000,S-0001,0,PC
140,FIXED GOODS,S-SUNSUN-HF300,SUNSUN Hang On Filter HF 300,S-0001,0,PC
141,FIXED GOODS,S-SUNSUN-HF400,SUNSUN Hang On Filter HF 400,S-0001,0,PC
142,FIXED GOODS,S-SUNSUN-HF600,SUNSUN Hang On Filter HF 600,S-0001,0,PC
143,FIXED GOODS,S-SUNSUN-RPS101,SUNSUN Multi-Function Submersible Pump RPS-101,S-0001,0,PC
144,FIXED GOODS,S-SUNSUN-RPS102,SUNSUN Multi-Function Submersible Pump RPS-102,S-0001,0,PC
145,FIXED GOODS,S-SUNSUN-RPS103,SUNSUN Multi-Function Submersible Pump RPS-103,S-0001,0,PC
146,FIXED GOODS,S-SUNSUN-RPS104,SUNSUN Multi-Function Submersible Pump RPS-104,S-0001,0,PC
147,FIXED GOODS,S-SUNSUN-RPS105,SUNSUN Multi-Function Submersible Pump RPS-105,S-0001,0,PC
148,FIXED GOODS,S-SUNSUN-RPS106,SUNSUN Multi-Function Submersible Pump RPS-106,S-0001,0,PC
149,FIXED GOODS,S-SUNSUN-JP092,SUNSUN Submersible Filter Pump JP-092,S-0001,0,PC
150,FIXED GOODS,S-SUNSUN-RAJAH55,SUNSUN Submersible Pump Both For Fresh And Sea Water RAJA H55,S-0001,0,PC
151,FIXED GOODS,S-SUNSUN-RJ1000L,SUNSUN Submersible Pump RJ-1000L,S-0001,5,PC
152,FIXED GOODS,S-SUNSUN-RJ1500L,SUNSUN Submersible Pump RJ-1500L,S-0001,0,PC
153,FIXED GOODS,S-SUNSUN-RJ2500L,SUNSUN Submersible Pump RJ-2500L,S-0001,0,PC
154,FIXED GOODS,S-SUNSUN-RJ3500L,SUNSUN Submersible Pump RJ-3500L,S-0001,0,PC
155,FIXED GOODS,S-SUNSUN-RJ4500L,SUNSUN Submersible Pump RJ-4500L,S-0001,3,PC
156,FIXED GOODS,S-SUNSUN-RPS600,SUNSUN Submersible Pump RPS-600,S-0001,1,PC
157,FIXED GOODS,V-SUNSUN-RPS600,SUNSUN Submersible Pump RPS-600,V-0001,0,PC
158,FIXED GOODS,S-SUNSUN-RPS1000,SUNSUN Submersible Pump RPS-1000,S-0001,0,PC
159,FIXED GOODS,S-SUNSUN-SS02,SUNSUN Surface Skimmer SS-02 (SURGA PET SHOP),S-0001,2,PC
160,FIXED GOODS,V-SUNSUN-SS02,SUNSUN Surface Skimmer SS-02,V-0001,0,PC
161,FIXED GOODS,S-SUNSUN-WM2500S,SUNSUN Wave Maker WM-2500S,S-0001,0,PC
162,FIXED GOODS,S-SUNSUN-WM5000S,SUNSUN Wave Maker WM-5000S,S-0001,0,PC
163,FIXED GOODS,S-SUNSUN-WM10000S,SUNSUN Wave Maker WM-10000S,S-0001,0,PC
164,FIXED GOODS,S-YUTING-YT301C,YUTING Aquarium Air Pump YT-301C,S-0001,1,PC
165,FIXED GOODS,S-YUTING-YT302C,YUTING Aquarium Air Pump YT-302C,S-0001,0,PC
166,FIXED GOODS,S-YUTING-ACO005,YUTING Magnetic Vibration Air Pump ACO-005,S-0001,0,PC
167,FIXED GOODS,S-YUTING-ACO012,YUTING Magnetic Vibration Air Pump ACO-012,S-0001,0,PC
168,FIXED GOODS,S-YUTING-YT304,YUTING Magnetic Vibration Air Pump YT-304,S-0001,0,PC
169,FIXED GOODS,S-SHIRUBA-K505,AERATOR BATERAI SHIRUBA K505,S-0001,0,PC
170,FIXED GOODS,S-SHIRUBA-K808,AERATOR BATERAI SHIRUBA K808,S-0001,0,PC
171,FIXED GOODS,V-AERATOR-2LUBANG,Paket Aerator / Airpump Gratis Selang 2 Lubang RC-410,V-0001,0,PC
172,FIXED GOODS,V-AERATOR-1LUBANG,"Paket Aerator / Airpump Gratis Selang, Dop Selang, Batu Aerator 1 Lubang",V-0001,0,PC
173,FIXED GOODS,V-ARMADA-SP288,Aerator / Airpump ARMADA SP288,V-0001,12,PC
174,FIXED GOODS,V-TAKARI-AT001,Aerator TAKARI Portable Air Pump DC AT001,V-0001,0,PC
175,FIXED GOODS,V-YANG-YY001,Aerator YANG Portable Battery Air Pump YY-001,V-0001,0,PC
176,FIXED GOODS,V-AIRSTONE-BATU2CM,AIRSTONE Batu Aerator AbuAbu 2CM,V-0001,1,PC
177,FIXED GOODS,V-AIRSTONE-BATU3CM,AIRSTONE Batu Aerator AbuAbu 3CM,V-0001,25,PC
178,FIXED GOODS,V-AIRSTONE-BATU5CM,AIRSTONE Batu Aerator AbuAbu 5CM,V-0001,13,PC
179,FIXED GOODS,V-AIRSTONE-BATU3LAYER,AIRSTONE Batu Aerator 3LAYER,V-0001,10,PC
180,FIXED GOODS,V-AIRSTONE-BATU4LAYER,AIRSTONE Batu Aerator 4LAYER,V-0001,21,PC
181,FIXED GOODS,V-AIRSTONE-BATU5LAYER,AIRSTONE Batu Aerator 5LAYER,V-0001,5,PC
182,FIXED GOODS,V-AIRSTONE-BULAT3.6,AIRSTONE Batu Aerator BULAT Bakso Kecil,V-0001,0,PC
183,FIXED GOODS,V-AIRSTONE-PANJANG10,"AIRSTONE Model PANJANG 4"" (10 cm)",V-0001,1,PC
184,FIXED GOODS,V-AIRSTONE-PANJANG15,"AIRSTONE Model PANJANG 6"" (15 cm)",V-0001,1,PC
185,FIXED GOODS,V-AIRSTONE-PANJANG20,"AIRSTONE Model PANJANG 8"" (20 cm)",V-0001,15,PC
186,FIXED GOODS,V-AIRSTONE-PANJANG25,"AIRSTONE Model PANJANG 10"" (25cm)",V-0001,0,PC
187,FIXED GOODS,V-AIRSTONE-PANJANG30,"AIRSTONE Model PANJANG 12"" (30 cm)",V-0001,0,PC
188,FIXED GOODS,V-AQUARIUM-MINI,Aquarium Mini Cupang Kura-Kura Pethome 01,V-0001,0,PC
189,FIXED GOODS,V-AQUARIUM-BOTOL,Aquarium Botol Mini Ikan Cupang,V-0001,3,PC
190,FIXED GOODS,V-FILTER-BIOBALL,Bio Ball Highgrade 3 cm,V-0001,0,PC
191,FIXED GOODS,V-FILTER-BIORING,Bio Ring High Grade,V-0001,0,PC
192,FIXED GOODS,V-FILTER-KALDNESS100,Bio KALDNES K1 100GR,V-0001,6,PC
193,FIXED GOODS,V-CLAYKOI-250,CLAY KOI Calicium Montmorillonite Clay KLAY KOI 250 gr,V-0001,0,PC
194,FIXED GOODS,V-CLAYKOI-800,CLAY KOI Calicium Montmorillonite Clay KLAY KOI 800 gr,V-0001,0,PC
195,FIXED GOODS,V-CLAYKOI-PK5GR,CLAY KOI Permanganas Kalikus PK Khusus untuk Ikan 5 gr,V-0001,0,PC
196,FIXED GOODS,V-AMARA-CLEANER,"Cleaner Pump AMARA, Penyedot Air Aquarium",V-0001,4,PC
197,FIXED GOODS,V-ECOONE-10GRAM,ECO ONE  Bakteri starter Aquarium Aquascape Membuat Bening Air,V-0001,0,PC
198,FIXED GOODS,V-ARMADA-FBMINI,FILTER BOX KOSONG MINI ARMADA,V-0001,10,PC
199,FIXED GOODS,V-ARMADA-FBSDNG,FILTER BOX KOSONG SEDANG ARMADA,V-0001,8,PC
200,FIXED GOODS,V-ARMADA-FBJMB,FILTER BOX KOSONG JUMBO ARMADA,V-0001,4,PC
201,FIXED GOODS,V-SIKAT-SPIRAL,SIKAT PEMBERSIH PIPA SELANG SPIRAL,V-0001,2,PC
202,FIXED GOODS,V-BUNGA-10CM,Bunga Plastik Hias Aquarium 10 CM,V-0001,0,PC
203,FIXED GOODS,V-BIOFILL-HITAM,Busa Biofill Hitam Media Filter Aquarium Aquascape Hidroponik,V-0001,17,PC
204,FIXED GOODS,V-BIOFILL-HITAM11X30X2CM,BUSA BIO FILTER FOAM Ukuran 11X30X2CM,V-0001,124,PC
205,FIXED GOODS,V-BIOFILL-HITAM50X50X2CM,BUSA BIO FILTER FOAM Ukuran 50X50X2CM,V-0001,0,PC
206,FIXED GOODS,V-DOP-SELANG,Dop Tempelan Kaca SELANG Aerator Blower Aquarium Aquascape,V-0001,10,PC
207,FIXED GOODS,V-DOP-PIPA,Dop Tempelan Kaca PIPA/ Selang Spiral Aquarium,V-0001,0,PC
208,FIXED GOODS,V-DOP-SEKATKACA,Dop Tempelan Sekat KACA Aquarium Aquascape,V-0001,5,PC
209,FIXED GOODS,V-CRYSTAL-PELETMINI,Fish Food CRYSTAL cupang berkualitas/pelet ikan cupang,V-0001,0,PC
210,FIXED GOODS,V-HOKKY-PELET100,Fish Food Hokky 100 g (1mm),V-0001,0,PC
211,FIXED GOODS,V-TAKARI-FISHFOOD100-1MM,Fish Food Takari 100 gr,V-0001,21,PC
212,FIXED GOODS,V-TAKARI-FISHFOOD250-1MM,Fish Food Takari 250 gr 1 mm,V-0001,6,PC
213,FIXED GOODS,V-TAKARI-FISHFOOD250-2MM,Fish Food Takari 250 gr 2 mm,V-0001,10,PC
214,FIXED GOODS,V-KYOTO-TW5GR,Fish Food Tubifex Worm 5 gr KYOTO,V-0001,15,PC
215,FIXED GOODS,S-LOUHAN-235GR,Fish Food Louhan Blood Parrot 235gr,S-0001,0,PC
216,FIXED GOODS,V-KYOSAKI-HF501,Filter Gantung Aquarium - Merk KYOSAKI HF501,V-0001,0,PC
217,FIXED GOODS,V-AQURA-FGA,Filter Gantung Aquarium - Hemat Energi - Slim Hanging Filter Merk AQURA,V-0001,0,PC
218,FIXED GOODS,V-GARAM-IKAN500,GARAM IKAN Garam Krosok Ikan Aquarium 500 gr,V-0001,0,PC
219,FIXED GOODS,V-KYOTO-1000L,Internal Filter KYOTO KT 1000L,V-0001,0,PC
220,FIXED GOODS,V-YAMANO-SP1200,Pompa Celup Filter Submersible Pump SP 1200 Low Noise,V-0001,0,PC
221,FIXED GOODS,V-KANDILA-KD25,Heater KANDILA Pemanas Air Aquarium KD 25 W,V-0001,3,PC
222,FIXED GOODS,V-KANDILA-KD50,Heater KANDILA Pemanas Air Aquarium KD 50 W,V-0001,0,PC
223,FIXED GOODS,V-KANDILA-KD100,Heater KANDILA Pemanas Air Aquarium KD 100 W,V-0001,0,PC
224,FIXED GOODS,V-KANDILA-KD150,Heater KANDILA Pemanas Air Aquarium KD 150 W,V-0001,0,PC
225,FIXED GOODS,V-NIKISTAR-LS100,Heater NIKISTAR Pemanas Air Aquarium LS100 100W,V-0001,0,PC
226,FIXED GOODS,V-SOBO-HC25,Heater SOBO Pemanas Air Aquarium 403 Staniless 25 W,V-0001,13,PC
227,FIXED GOODS,V-SOBO-HC50,Heater SOBO Pemanas Air Aquarium 403 Staniless 50 W,V-0001,19,PC
228,FIXED GOODS,V-SOBO-HC100,Heater SOBO Pemanas Air Aquarium 403 Staniless 100 W,V-0001,10,PC
229,FIXED GOODS,V-RECENT-25W,Heater RECENT Pemanas Air Aquarium 304 25 W,V-0001,0,PC
230,FIXED GOODS,V-RECENT-75W,Heater RECENT Pemanas Air Aquarium 304 75 W,V-0001,4,PC
231,FIXED GOODS,V-RECENT-100W,Heater RECENT Pemanas Air Aquarium 304 100 W,V-0001,4,PC
232,FIXED GOODS,V-RECENT-150W,Heater RECENT Pemanas Air Aquarium 304 150 W,V-0001,5,PC
233,FIXED GOODS,V-RECENT-200W,Heater RECENT Pemanas Air Aquarium 304 200 W,V-0001,0,PC
234,FIXED GOODS,V-RECENT-300W,Heater RECENT Pemanas Air Aquarium 304 300 W,V-0001,0,PC
235,FIXED GOODS,V-RECENT-500W,Heater RECENT Pemanas Air Aquarium 304 500 W,V-0001,0,PC
236,FIXED GOODS,V-SEASTAR-150W,Heater SEASTAR penghangat pemanas air aquarium aquascape 150 watt,V-0001,0,PC
237,FIXED GOODS,V-YAMANO-Q350W,Heater YAMANO Pemanas Air Aquarium Q3 50 W,V-0001,0,PC
238,FIXED GOODS,V-YAMANO-Q3100W,Heater YAMANO Pemanas Air Aquarium Q3 100 W,V-0001,0,PC
239,FIXED GOODS,V-HIROYUKI-YEL1-2MM,Hiroyuki Kuning Ukuran 2mm Repack 1kg,V-0001,3,KG
240,FIXED GOODS,V-HIROYUKI-YEL1-5MM,Hiroyuki Kuning Ukuran 5mm Repack 1kg,V-0001,2,KG
241,FIXED GOODS,V-HIROYUKI-YEL1-8MM,Hiroyuki Kuning Ukuran 8mm Repack 1kg,V-0001,1,KG
242,FIXED GOODS,V-HIROYUKI-YEL5-2MM,Hiroyuki Kuning Ukuran 2mm Original 5kg,V-0001,2,KG
243,FIXED GOODS,V-HIROYUKI-YEL5-5MM,Hiroyuki Kuning Ukuran 5mm Original 5kg,V-0001,1,KG
244,FIXED GOODS,V-HIROYUKI-YEL5-8MM,Hiroyuki Kuning Ukuran 8mm Original 5kg,V-0001,0,KG
245,FIXED GOODS,V-HIROYUKI-RED1-2MM,Hiroyuki Merah Ukuran 2mm Repack 1kg,V-0001,1,KG
246,FIXED GOODS,V-HIROYUKI-RED1-5MM,Hiroyuki Merah Ukuran 5mm Repack 1kg,V-0001,1,KG
247,FIXED GOODS,V-HIROYUKI-RED1-8MM,Hiroyuki Merah Ukuran 8mm Repack 1kg,V-0001,2,KG
248,FIXED GOODS,V-HIROYUKI-RED5-2MM,Hiroyuki Merah Ukuran 2mm Original 5kg,V-0001,0,KG
249,FIXED GOODS,V-HIROYUKI-RED5-5MM,Hiroyuki Merah Ukuran 5mm Original 5kg,V-0001,7,KG
250,FIXED GOODS,V-HIROYUKI-RED5-8MM,Hiroyuki Merah Ukuran 8mm Original 5kg,V-0001,4,KG
251,FIXED GOODS,V-HIROYUKI-BLU1-5MM,Hiroyuki Biru Ukuran 5mm Repack 1kg,V-0001,3,KG
252,FIXED GOODS,V-HIROYUKI-BLU5-5MM,Hiroyuki Biru Ukuran 5mm Original 5kg,V-0001,2,KG
253,FIXED GOODS,V-JARING-S,JARING KANTONG SARUNG Zeloit V-FILTER-BIOBALL V-FILTER-BIORING Ukuran S,V-0001,0,PC
254,FIXED GOODS,V-JARING-M,JARING KANTONG SARUNG Zeloit V-FILTER-BIOBALL V-FILTER-BIORING Ukuran M,V-0001,0,PC
255,FIXED GOODS,V-JARING-L,JARING KANTONG SARUNG Zeloit V-FILTER-BIOBALL V-FILTER-BIORING Ukuran L,V-0001,0,PC
256,FIXED GOODS,V-EHEIM-2213,KANTONG MEDIA FILTER EHEIM2213,V-0001,0,PC
257,FIXED GOODS,V-EHEIM-2215,KANTONG MEDIA FILTER EHEIM2215,V-0001,0,PC
258,FIXED GOODS,V-EHEIM-2217,KANTONG MEDIA FILTER EHEIM2217,V-0001,0,PC
259,FIXED GOODS,V-KAPAS-HJ2LAPIS,Kapas Sutra Hijau Busa Filter Media Aquarium Aquascape 2 Lapis,V-0001,28,PC
260,FIXED GOODS,V-KAPAS-3LAPIS,KAPAS BUSA Filter Aquarium Aquascape 3 LAPIS,V-0001,0,PC
261,FIXED GOODS,V-KERAN-INFUS,Keran Infus Pengatur Selang Udara Aerator,V-0001,0,PC
262,FIXED GOODS,V-KERAN-2LB,Keran Udara Aerator 2 Lubang Sambungan,V-0001,0,PC
263,FIXED GOODS,V-KERAN-3LB,Keran Udara Aerator 3 Lubang Plastik,V-0001,8,PC
264,FIXED GOODS,V-OUTPUT-8LUBANG,Way aquarium fish tank air flow splitter control lever valve 8 LUBANG,V-0001,0,PC
265,FIXED GOODS,V-OUTPUT-12LUBANG,Way aquarium fish tank air flow splitter control lever valve 12 LUBANG,V-0001,0,PC
266,FIXED GOODS,V-OUTPUT-16LUBANG,Way aquarium fish tank air flow splitter control lever valve 16 LUBANG,V-0001,0,PC
267,FIXED GOODS,V-KIYOSAKI-KLC200,Lampu LED Celup 20 cm KIYOSAKI KLC 200,V-0001,0,PC
268,FIXED GOODS,V-YAMANO-T420,Lampu LED Celup 20 cm YAMANO T4 2W,V-0001,8,PC
269,FIXED GOODS,V-YAMANO-T430,Lampu LED Celup 30 cm YAMANO T4 3W,V-0001,9,PC
270,FIXED GOODS,V-YAMANO-T440,Lampu LED Celup 30 cm YAMANO T4 4W,V-0001,1,PC
271,FIXED GOODS,V-KANDILA-P500,Lampu LED Aquarium KANDILA P500,V-0001,8,PC
272,FIXED GOODS,V-ARMADA-ACT200A,Lampu LED Celup Aquarium ARMADA ACT 200 A,V-0001,9,PC
273,FIXED GOODS,V-KANDILA-S200,Lampu LED Celup S200 10W RGB KANDILA,V-0001,13,PC
274,FIXED GOODS,V-KANDILA-S300,Lampu LED Celup S300 RGB KANDILA,V-0001,40,PC
275,FIXED GOODS,V-KANDILA-S400,Lampu LED Celup S400 18W RGB KANDILA,V-0001,25,PC
276,FIXED GOODS,V-KANDILA-S500,Lampu LED Celup S500 21.5W RGB KANDILA,V-0001,20,PC
277,FIXED GOODS,V-KANDILA-S600,Lampu LED Celup S600  RGB KANDILA,V-0001,0,PC
278,FIXED GOODS,V-KIYOSAKI-16W,Lampu LED Celup KIYOSAKI 16WATT 800,V-0001,0,PC
279,FIXED GOODS,V-YAMANO-P400,Lampu LED YAMANO P400 5W,V-0001,6,PC
280,FIXED GOODS,V-YAMANO-P800,Lampu LED YAMANO P600,V-0001,2,PC
281,FIXED GOODS,V-YAMANO-P600,Lampu LED YAMANO P800,V-0001,8,PC
282,FIXED GOODS,V-YAMANO-UV7W,Lampu YAMANO Ultra Germicidal Lamp UV 7W,V-0001,2,PC
283,FIXED GOODS,V-YAMANO-UV9W,Lampu YAMANO Ultra Germicidal Lamp UV 9W,V-0001,5,PC
284,FIXED GOODS,V-YAMANO-UV11W,lampu YAMANO Ultra Germicidal Lamp UV 11W,V-0001,9,PC
285,FIXED GOODS,V-FILTER-ZEOLIT,Media Filter Batu Zeloit,V-0001,17,PC
286,FIXED GOODS,V-FILTER-CARBON,Media Filter Carbon Active,V-0001,3,PC
287,FIXED GOODS,V-JAPMAT-25CMX10CMX3.8CM,"Media Filter JAPMAT 25 cm x 10 cm x 3,8 cm",V-0001,22,PC
288,FIXED GOODS,V-JAPMAT-50CMX10CMX3.8CM,"Media Filter JAPMAT 50 cm x 10 cm x 3,8 cm",V-0001,23,PC
289,FIXED GOODS,V-NPIPA-MANCUR,NOOZLE PIPA Air Mancur Model PAYUNG JAMUR,V-0001,1,PC
290,AGED GOODS,V-VIVIAN-BLITS30,Obat Ikan Jamur Obat Ikan Biru BLITS 30 ml,V-0001,20,BTL
291,AGED GOODS,V-VIVIAN-BLITS75,Obat Ikan Jamur Obat Ikan Biru BLITS 75 ml,V-0001,34,BTL
292,AGED GOODS,V-SP-BIRU,Obat Ikan Jamur Obat Ikan Biru Formulasi Japan Merk SP,V-0001,0,BTL
293,AGED GOODS,V-SAKKAI-BIRU,Obat Ikan Jamur Obat Ikan Biru SAKKAI PRO,V-0001,0,BTL
294,AGED GOODS,V-ACRIFLAVINE-100ML,Obat Ikan Jamur Obat KUNING ACRIFLAVINE 100 ml,V-0001,5,BTL
295,AGED GOODS,V-REDBLUEDOX-125ML,"Obat Ikan Red Bluedox Besar anti Bakteri, Jamur,Parasit (250ml)",V-0001,0,BTL
296,AGED GOODS,V-ELBAYOU-OBAT,Obat Ikan Sakit ELBAYOU,V-0001,3,BTL
297,AGED GOODS,V-POMATE-OBAT,Obat Ikan Sakit POMATE,V-0001,0,BTL
298,AGED GOODS,V-DIMILIN-5GR,Obat Ikan AntiI Kutu DIMILIN 5GR,V-0001,1,BTL
299,AGED GOODS,V-KIYOSAKI-BIRU,Obat Ikan Jamur Obat Ikan Biru KIYOSAKI,V-0001,65,BTL
300,AGED GOODS,V-ATLAS-PELETMICRO,Pakan Makanan Pelet Ikan Hias dan Cupang ATLAS Micro Pellets,V-0001,0,PC
301,FIXED GOODS,V-SAKKAIPRO-100ML,Penjernih Air Aquarium / Aquascape 100 ml SAKKAI PRO,V-0001,0,PC
302,FIXED GOODS,V-TAKARI-100ML,Penjernih Air Aquarium / Aquascape 100 ml TAKARI,V-0001,0,PC
303,FIXED GOODS,V-KIYOSAKI-100ML,Penjernih Air Aquarium / Aquascape 100 ml KIYOSAKI,V-0001,2,PC
304,FIXED GOODS,V-KANDILA-PINBENG,PINBENG Pinset Aquarium KANDILA Lurus/Bengkok,V-0001,0,PC
305,FIXED GOODS,V-PIPA-MANCUR,Pipa Aquarium Bening 50 cm,V-0001,1,PC
306,FIXED GOODS,V-SAMBUNGAN-SELANGT,Sambungan Selang Aerator Aquarium Aquascape Aqua Ponik Model T,V-0001,556,PC
307,FIXED GOODS,V-SAMBUNGAN-SELANGL,Sambungan Selang Aerator Aquarium Aquascape Aqua Ponik Model L,V-0001,609,PC
308,FIXED GOODS,V-SAMBUNGAN-SELANGI,Sambungan Selang Aerator Aquarium Aquascape Aqua Ponik Model I (Lurus),V-0001,603,PC
309,FIXED GOODS,V-SAMBUNGAN-PIPAT,Sambungan Pipa Aquarium Model T,V-0001,212,PC
310,FIXED GOODS,V-SAMBUNGAN-PIPAL,Sambungan Pipa Aquarium Model L,V-0001,124,PC
311,FIXED GOODS,V-SAMBUNGAN-PIPAI,Sambungan Pipa Aquarium Model I (Lurus),V-0001,178,PC
312,FIXED GOODS,V-SELANG-BIRU,Selang Spiral Biru Filter Aquarium 80-90 cm,V-0001,37,PC
313,FIXED GOODS,V-SELANG-1M,Selang Aerator - Selang Airpump Airstone Per 1 M,V-0001,3,PC
314,FIXED GOODS,V-SELANG-SILICON1M,Selang Aerator - Selang Airpump Airstone Per 1 M SILICON,V-0001,0,PC
315,FIXED GOODS,V-SEROK-CUPANG10CM,Serok Seser Jaring Ikan Cupang Hias 10 cm,V-0001,0,PC
316,FIXED GOODS,V-SEROK-15CM,SEROKAN Ikan 15 cm Warna Pink,V-0001,0,PC
317,FIXED GOODS,V-SEROK-20CM,Serok Ikan / Seser Ikan 20 cm,V-0001,0,PC
318,FIXED GOODS,V-SEROK-DIA5CM,Serok Ikan Cupang Diameter 5 cm Batang Kawat,V-0001,3,PC
319,FIXED GOODS,V-SEROK-CUPANG,Serokan Ikan Cupang,V-0001,0,PC
320,FIXED GOODS,V-SEROK-LINGSUMPIT,Serok Ikan Saringan Lingkaran Diameter 5 cm Batang Sumpit,V-0001,0,PC
321,FIXED GOODS,V-SEROK-KOTSUMPIT,Serok Ikan Plastik Kotak Batang Sumpit,V-0001,0,PC
322,FIXED GOODS,V-TEMPAT-CACING,Tempat Makan Ikan YANG Cup Kerucut Tempat Cacing Rambut,V-0001,0,PC
323,FIXED GOODS,V-ROXIN-THERMO,Thermometer Aquarium Aquascape ROXIN,V-0001,18,PC
324,FIXED GOODS,V-TUTUP-PIPA,Tutup Pipa Hitam,V-0001,22,PC
325,FIXED GOODS,V-UNDERGRAVEL-TATAKAN,UNDERGRAVEL Aquarium Aquascape TATAKAN PLAT PAPAN UNDER GRAVEL,V-0001,0,PC
326,FIXED GOODS,V-UNDERGRAVEL-SEPATU,Undergravel SEPATU UNDERGRAVEL Filter Aquarium,V-0001,0,PC
327,FIXED GOODS,V-UNDERGRAVEL-KNKTR,Undergravel KONEKTOR PENGHUBUNG SAMBUNGAN UNDERGRAVEL DGN DAN MESIN POMPA/PIPA,V-0001,0,PC
328,FIXED GOODS,V-SUPERPOWER-250GR,SUPER POWER Hand Feed For Muldi 250 gr,V-0001,7,PACK
329,FIXED GOODS,S-CUTESAN-2ML,CUTESAN 2 ML,S-0001,0,PACK
330,FIXED GOODS,S-PADOVAN-MULVIT,PADOVAN MULTIVITAMINICO 30 ML,S-0001,0,PACK
331,FIXED GOODS,S-PADOVAN-RESP,PADOVAN RESPIRVIGOR 30 ML,S-0001,0,PACK
332,FIXED GOODS,S-PADOVAN-CANT,PADOVAN CANTOVIGOR 30 ML,S-0001,0,PACK
333,FIXED GOODS,S-PADOVAN-VITAE,PADOVAN VITA E 30 ML,S-0001,0,PACK
334,FIXED GOODS,S-MUTAVIGOR-30ML,MUTAVIGOR 30 ML,S-0001,0,PACK
335,FIXED GOODS,S-VITAVIGOR-30ML,VITAVIGOR 30 ML,S-0001,0,PACK
336,FIXED GOODS,S-KENNELS-400GR,KENNELS CANNED DOG FOOD LAMB 400 GR,S-0001,0,CAN
337,FIXED GOODS,V-NETPOT-KRJPUTIH5,NETPOT Model Keranjang Putih 5cm,V-0001,0,PACK
338,FIXED GOODS,V-NETPOT-PLSPUTIH5,NETPOT Model Polos Putih 5cm,V-0001,0,PACK
339,FIXED GOODS,V-NETPOT-KRJPUTIH7,NETPOT Model Keranjang Putih 7cm,V-0001,0,PACK
340,FIXED GOODS,V-NETPOT-KRJHITAM7,NETPOT Model Keranjang Hitam 7cm,V-0001,0,PACK
341,FIXED GOODS,V-NETPOT-KRJHITAM10,NETPOT Model Keranjang Hitam 10cm,V-0001,0,PACK
342,FIXED GOODS,V-ATC-PH009IA,Pen Type PH Meter ATC PH-009(I)A Alat Ukur PH Air Hidroponik - pH Meter digital tester asam basa cairan,V-0001,0,PACK
343,FIXED GOODS,V-TDS3-TDSMETER,Pen Type TDS PPM Meter Hidroponik Alat Ukur Unsur dalam Air dengan Sarung EU002,V-0001,0,PACK
344,FIXED GOODS,V-ROCKWOOL,ROCKWOOL RW Media Tanam Hidroponik,V-0001,0,PACK
345,FIXED GOODS,V-ROCKWOOL-LOWGRADE,ROCKWOOL LOWGRADE Media Tanama Hidroponik,V-0001,0,PC
346,AGED GOODS,V-BARBER-3.5OZ,Barbers Pomade 3.5 Oz Ukuran Besar,V-0001,0,PC
347,AGED GOODS,V-BARBER-FIRM3.5OZ,Barbers Pomade Firm Hold 3.5 Oz,V-0001,0,PC
348,AGED GOODS,V-CHIEF-4.2OZ,Chief Pomade Blue Ukuran Besar 4.2 Oz Water Based,V-0001,0,PC
349,AGED GOODS,V-CHIEF-MINI,Chief Blue Mini,V-0001,0,PC
350,AGED GOODS,V-CHIEF-RED4.2OZ,Chief Pomade Red Ukuran Besar 4.2 Oz,V-0001,0,PC
351,AGED GOODS,V-CULTUSIA-SILVER,Cultusia Color Silver Metalic Silver (Silver),V-0001,0,PC
352,AGED GOODS,V-CULTUSIA-GOLD,Cultusia Color Light Gold Light Gold (Emas),V-0001,6,PC
353,AGED GOODS,V-CULTUSIA-PUPLE,Cultusia Color Purple Charming Purple (Ungu),V-0001,14,PC
354,AGED GOODS,V-CULTUSIA-GREEN,Cultusia Color Green Green Leaf (Hijau),V-0001,2,PC
355,AGED GOODS,V-CULTUSIA-BLUE,Cultusia Color Blue Blue Safir (Biru),V-0001,0,PC
356,AGED GOODS,V-CULTUSIA-RED,Cultusia Color Red,V-0001,0,PC
357,AGED GOODS,V-CULTUSIA-CANDYRED,Cultusia Color Candy Red,V-0001,7,PC
358,AGED GOODS,V-CULTUSIA-BLACK,Cultusia Color Black,V-0001,0,PC
359,AGED GOODS,V-CULTUSIA-WHITE,Cultusia Color White,V-0001,0,PC
360,AGED GOODS,V-CULTUSIA-SUNSAVANA,Cultusia Color Sun Savana,V-0001,0,PC
361,AGED GOODS,V-CULTUSIA-HYPGOLD,Cultusia Hyper Gold,V-0001,9,PC
362,AGED GOODS,V-CULTUSIA-HYPSILVER,Cultusia Hyper Silver,V-0001,0,PC
363,AGED GOODS,V-CULTUSIA-HYPRED,Cultusia Hyper Red,V-0001,20,PC
364,AGED GOODS,V-CULTUSIA-HYPGREEN,Cultusia Hyper Green,V-0001,9,PC
365,AGED GOODS,V-CULTUSIA-HYPBLUE,Cultusia Hyper Blue,V-0001,3,PC
366,AGED GOODS,V-CULTUSIA-HYPPURPLE,Cultusia Hyper Purple,V-0001,6,PC
367,AGED GOODS,V-CULTUSIA-HYPMGNT,Cultusia Hyper Magenta,V-0001,11,PC
368,AGED GOODS,V-DUNAHL-MED,Dunahl Medium Oilbased,V-0001,2,PC
369,AGED GOODS,V-DUNAHL-XTR,Dunahl Xtr Oilbased,V-0001,0,PC
370,AGED GOODS,V-DUNAHL-HRD,Dunahl Pomade Hard,V-0001,0,PC
371,AGED GOODS,V-DUNAHL-LGHT,Dunahl Pomade Light,V-0001,2,PC
372,AGED GOODS,V-KING-XHOLDWATER,King Pomade Besar Extra Hold Waterbased Aroma Anggur Ukuran Besar,V-0001,8,PC
373,AGED GOODS,V-KINGMINI-MELON,King Pomade Mini Superhold Aroma Melon,V-0001,1,PC
374,AGED GOODS,V-KINGMINI-XXANGGUR,King Pomade Mini Xx Hold Aroma Bubblegum Anggur,V-0001,0,PC
375,AGED GOODS,V-KINGMINI-MEDLEM,King Pomade Mini Medium Hold Aroma Lemon,V-0001,0,PC
376,AGED GOODS,V-KINGMINI-XXANGGUR1.12,"King Pomade Mini Xx Hold Aroma Bubblegum Anggur 1,12 Oz",V-0001,7,PC
377,AGED GOODS,V-KINGMINI-SHINE,King Pomade Mini Shine 1.12 Oz,V-0001,5,PC
378,AGED GOODS,V-KING-SEDSUPER,King Pomade Sedang Superhold,V-0001,0,PC
379,AGED GOODS,V-KING-SEDXX,King Pomade Sedang Xx Hold,V-0001,0,PC
380,AGED GOODS,V-KING-SEDSHINE,King Pomade Sedang Shine,V-0001,0,PC
381,AGED GOODS,V-KINGBESAR-MEDWATER,King Pomade Besar Medium Hold Waterbased,V-0001,3,PC
382,AGED GOODS,V-KING-MED4.28OZ,"King Pomade Medium Hold 4,28Oz Oilbased",V-0001,3,PC
383,AGED GOODS,V-MURRAY-NUNILE,Murray Nu Nile 3Oz,V-0001,0,PC
384,AGED GOODS,V-MURRAY-SUPERIOR,Murray Superior Pomade Sudah Terdaftar Bpom 3 Oz Ukuran Besar,V-0001,0,PC
385,AGED GOODS,V-MURRAY-HAIRGLO,Murray Hairglo,V-0001,0,PC
386,AGED GOODS,V-MURRAY-SHAMPOO,Murray Shampoo,V-0001,0,PC
387,AGED GOODS,V-MURRAY-EDGEWAX,Murray Edgewax,V-0001,0,PC
388,AGED GOODS,V-MURRAY-SUPERLIGHT,Murray Superlight,V-0001,0,PC
389,AGED GOODS,V-OHMAN-GREY,Pomade Oh Man - Waterbased - Mystic Grey,V-0001,0,PC
390,AGED GOODS,V-OHMAN-BLUE,Pomade Oh Man - Nutri Blue - Divine Waterbased Pomade,V-0001,0,PC
391,AGED GOODS,V-OHMAN-GREASE,Pomade Oh Man Beard Grease Oil,V-0001,0,PC
392,AGED GOODS,V-OHMAN-GOLD,Pomade Oh Man Mystic Gold Waxbased,V-0001,0,PC
393,AGED GOODS,V-OLDSKULL-MED,Old Skull Medium Hold Pomade Aroma Bubblegum,V-0001,0,PC
394,AGED GOODS,V-OLDSKULL-SUPER,Old Skull Super Hold - Superhold - Pomade Aroma Bubblegum,V-0001,0,PC
395,AGED GOODS,V-OLDSKULL-CAFFE,Old Skull Caffelatte,V-0001,0,PC
396,AGED GOODS,V-RITJHSON-KID,Ritjhkid Ritjhson,V-0001,0,PC
397,AGED GOODS,V-RITJHSON-ICE,Ritjhson Ice Original,V-0001,6,PC
398,AGED GOODS,V-RITJHSON-CHOCO,Ritjhson Chocolate,V-0001,25,PC
399,AGED GOODS,V-RITJHSON-MUTANT,Ritjhson Mutant,V-0001,0,PC
400,AGED GOODS,V-RITJHSON-HYDRA,Ritjhson Hydra,V-0001,1,PC
401,AGED GOODS,V-RITJHSON-RASP,Ritjhson Ice Raspberry,V-0001,0,PC
402,AGED GOODS,V-RITJHSON-BLACK,Ritjhson Black Coffee,V-0001,1,PC
403,AGED GOODS,V-SHANTOS-WATER,Shantos Romeo Styling Pomade Waterbased,V-0001,1,PC
404,AGED GOODS,V-SHANTOS-CLASSIC,Shantos Romeo Classic,V-0001,2,PC
405,AGED GOODS,V-SHANTOS-SILVER,Shantos Warna Silver,V-0001,0,PC
406,AGED GOODS,V-SHANTOS-GOLD,Shantos Warna Gold,V-0001,0,PC
407,AGED GOODS,V-SHANTOS-BLACK,Shantos Warna Black,V-0001,0,PC
408,AGED GOODS,V-SHANTOS-RED,Shantos Warna Red,V-0001,0,PC
409,AGED GOODS,V-SHANTOS-BLUE,Shantos Warna Blue,V-0001,0,PC
410,AGED GOODS,V-SMITH-PREMIUM,Smith Premium Medium Oilbased,V-0001,0,PC
411,AGED GOODS,V-SMITH-DAPPER,Smith Dapper Spatter Waterbased,V-0001,0,PC
412,AGED GOODS,V-SMITH-BLACK,Smith Blackjack Wax,V-0001,0,PC
413,AGED GOODS,V-SMITH-BOLD,Smith Bold Hold Heavy Oilbased,V-0001,0,PC
414,AGED GOODS,V-SMITH-FINE,Smith Fine Shine Light Oilbased,V-0001,0,PC
415,AGED GOODS,V-SUAVECITO-GOLD,Suavecito Color Gold 100Gr,V-0001,1,PC
416,AGED GOODS,V-SUAVECITO-SILVER,Suavecito Color Silver 100Gr,V-0001,0,PC
417,AGED GOODS,V-SUAVECITO-BL,Suavecito Color Blue 100Gr,V-0001,0,PC
418,AGED GOODS,V-SUAVECITO-BLCK,Suavecito Color Black 100Gr,V-0001,0,PC
419,AGED GOODS,V-SUAVECITO-GRN,Suavecito Color Green 100Gr,V-0001,0,PC
420,AGED GOODS,V-SUAVECITO-FH,Suavecito Firm Hold,V-0001,0,PC
421,AGED GOODS,V-SUAVECITO-MHO,Suavecito Medium Hold Original,V-0001,0,PC
422,AGED GOODS,V-SUAVECITO-FHA,Suavecito Firm Hold (Asia),V-0001,0,PC
423,AGED GOODS,V-TM-VANILLA,Tm Pomade Shine Kuning 55Gr Vanilla,V-0001,0,PC
424,AGED GOODS,V-TM-GREENTEA,Tm Pomade Shine Hijau 55Gr Greentea,V-0001,0,PC
425,AGED GOODS,V-TM-SUNKIST,Tm Pomade Shine Orange 55Gr Sunkist,V-0001,0,PC
426,AGED GOODS,V-TM-COFFE,Tm Pomade Medium Cokelat 55Gr Coffee,V-0001,0,PC
427,AGED GOODS,V-TM-LYCHE,Tm Pomade Medium Putih 55Gr Lychee,V-0001,0,PC
428,AGED GOODS,V-TM-STRAWBERRY,Tm Pomade Medium Pink 55Gr Strawberry,V-0001,0,PC
429,AGED GOODS,V-TM-BUBBLEGUM,Tm Pomade Heavy Biru 55Gr Bublegum,V-0001,0,PC
430,AGED GOODS,V-TM-APPLE,Tm Pomade Heavy Merah 55Gr Apple,V-0001,0,PC
431,AGED GOODS,V-TM-GRAPE,Tm Pomade Heavy Ungu 55Gr Grape,V-0001,0,PC
432,AGED GOODS,V-T&R-ORI,Toar & Roby The Original,V-0001,0,PC
433,AGED GOODS,V-T&R-EXECUTIVE,Toar & Roby Executive Slick,V-0001,0,PC
434,AGED GOODS,V-T&R-HEAVY,Toar & Roby Heavy Duty,V-0001,0,PC
435,FIXED GOODS,S-LOGITECH-C270HD,WEBCAM LOGICTECH HD C270 HD,S-0001,0,PC
436,FIXED GOODS,S-COOLER-N19,NOTEBOOK COOLER N19,S-0001,0,PC
437,FIXED GOODS,V-SABUK-ANTIX,Sabuk Anti Xray,V-0001,0,PC
438,FIXED GOODS,V-BLUETOOTH-REC,Bluetooth Receiver,V-0001,0,PC
439,FIXED GOODS,V-XIAOMI-CASE,Storage Case Xiaomi Yi & Gopro,V-0001,0,PC
440,FIXED GOODS,V-XIAOMI-WALLYTECH,Wallytech Xiaomi Yi & Gopro,V-0001,0,PC
441,FIXED GOODS,V-ABACA-FILTERV60-01,Coffee Papper Filter Abaca,V-0001,14,PC
442,FIXED GOODS,V-PENGGILING-STAINLESS,Penggiling Kopi Stainless Steel,V-0001,0,PC
443,FIXED GOODS,V-TABLED-WRITING,Lcd Writing Tablet,V-0001,0,PC
444,FIXED GOODS,V-MICROSD-MCBOOK,Microsd Adapter For Macbook Air,V-0001,0,PC
445,FIXED GOODS,S-SSD-MD2GREEN,SSD MD2 PIN WID GREEN,S-0001,0,PC
446,FIXED GOODS,V-BOTOL-PARUME,Botol Parfum Travel Size,V-0001,5,PC
447,FIXED GOODS,V-USB-WIRELESS,Usb Wireless Adapter,V-0001,0,PC
448,FIXED GOODS,V-EPSON-TINTA664BL,Black Tinta Epson 664 Original untuk L110 L130 L200 L210 L220,V-0001,0,PC
449,FIXED GOODS,V-EPSON-TINTA664MA,Magenta Tinta Epson 664 Original untuk L110 L130 L200 L210 L220,V-0001,0,PC
450,FIXED GOODS,V-EPSON-TINTA664YE,Yellow Tinta Epson 664 Original untuk L110 L130 L200 L210 L220,V-0001,0,PC
451,FIXED GOODS,V-EPSON-TINTA664CY,Cyan Tinta Epson 664 Original untuk L110 L130 L200 L210 L220,V-0001,0,PC
452,FIXED GOODS,S-VAS-KAYU18,Vas Kayu Pot Tanaman Bunga Kering 18 CM,S-0001,0,PC
453,FIXED GOODS,S-POT-KAYU10,Pot Kayu Vas Bunga Kaktus Sukulen 10 CSM,S-0001,0,PC
454,FIXED GOODS,V-EASYTOUCH-CEKGULA,EASYTOUCH Alat CEK GULA Darah Kolesterol Asam Urat Easy Touch GCU 3 in 1,V-0001,1,PC
455,FIXED GOODS,V-EASYTOUCH-BG,EASY TOUCH Test Strips Untuk Cek Darah BLOOD GLUCOSE,V-0001,6,PC
456,FIXED GOODS,V-EASYTOUCH-BUA,EASY TOUCH Test Strips Untuk Cek Darah BLOOD URIC ACID,V-0001,13,PC
457,FIXED GOODS,V-MEDIOCARE-FSKACA,MEDIOCARE Face Shield Kaca Mata Nagita Full Set Plus Box,V-0001,0,PACK
458,FIXED GOODS,V-ONEMED-ONESWAB100,ONESWAB Onemed Alkohol Swab Tissue Kapas One Swabs / Oneswabs ISI 100,V-0001,0,PACK
459,FIXED GOODS,V-SCANMED-TERMOET306,Thermometer Infrared SCANMED - MODEL ET306,V-0001,3,PC
460,FIXED GOODS,V-NN-UVCBOX001,UVC Box Sterilizer,V-0001,0,PC
461,FIXED GOODS,V-STARBUCKS-ROSE,Starbucks Color Changing Reusable Cups Rose,V-0001,0,PC
462,FIXED GOODS,V-STARBUCKS-CITRON,Starbucks Color Changing Reusable Cups Citron,V-0001,0,PC
463,FIXED GOODS,V-STARBUCKS-SKY,Starbucks Color Changing Reusable Cups Sky,V-0001,0,PC
464,FIXED GOODS,V-STARBUCKS-APRCT,Starbucks Color Changing Reusable Cups Apricot,V-0001,0,PC
465,FIXED GOODS,V-STARBUCKS-ARCTIC,Starbucks Color Changing Reusable Cups Arctic,V-0001,0,PC
466,FIXED GOODS,V-BUBBLEWRAP-PUTIH,BUBBLE WRAP PUTIH,V-0001,27,PC
467,FIXED GOODS,V-BUBBLEWRAP-HITAM,BUBBLE WRAP HITAM,V-0001,19,PC
468,FIXED GOODS,V-CLEANMASTER-60ML,CLEAN MASTER pembersih kaca aqiuarium,V-0001,0,PC
469,FIXED GOODS,V-ENZO-GLASSBLACK,Kacamata Safety Enzo Black,V-0001,2,PC
470,FIXED GOODS,V-ENZO-GLASSWHITE,Kacamata Safety Enzo White,V-0001,6,PC
471,FIXED GOODS,V-FRAGILE-MERAH72Y,Selotip Lakban FRAGILE MERAH Ukuran 72 Yard,V-0001,0,PC
472,FIXED GOODS,V-FRAGILE-PUTIH72Y,Selotip Lakban FRAGILE PUTIH Ukuran 72 Yard,V-0001,0,PC
473,FIXED GOODS,V-FRAGILE-MERAH50Y,Selotip Lakban FRAGILE MERAH Ukuran 50 Yard,V-0001,0,PC
474,FIXED GOODS,V-FRAGILE-PUTIH50Y,Selotip Lakban FRAGILE PUTIH Ukuran 50 Yard,V-0001,0,PC
475,FIXED GOODS,V-INDOTAPE-CUTTER2,"TAPE CUTTER Plastik INDOTAPE Untuk Size 2""",V-0001,0,PC
476,FIXED GOODS,V-POLYMAILER-GREY17X30,POLYMAILER 17 x 30 Kantong Plastik Perekat,V-0001,0,PC
477,FIXED GOODS,V-POLYMAILER-GREY25x40,POLYMAILER 25 x 40 Kantong Plastik Perekat,V-0001,0,PC
478,FIXED GOODS,V-POLYMAILER-GREY32X50,POLYMAILER 32 x 50 Kantong Plastik Perekat,V-0001,0,PC
479,FIXED GOODS,V-VIVAN-BENINGA7-AU,Selotip Lakban VIVAN BENING 45 mic x 72 Yard A7-AU,V-0001,3,PC
480,FIXED GOODS,V-VIVAN-COKLATA7-AU,Selotip Lakban VIVAN COKLAT 45 mic x 72 Yard A7-AU,V-0001,2,PC
481,FIXED GOODS,V-KIMIAFARMA-VITC10050GR,Vitmain C Suplemen Kimia Farma 100 Tablet,V-0001,24,PC
482,FIXED GOODS,V-POUCH-BLACK,Cosmetic Pouch Warna Black,V-0001,2,PC
483,FIXED GOODS,V-POUCH-BLUE,Cosmetic Pouch Warna Blue,V-0001,3,PC
484,FIXED GOODS,V-POUCH-GREEN,Cosmetic Pouch Warna Green,V-0001,3,PC
485,FIXED GOODS,V-POUCH-MAGEN,Cosmetic Pouch Warna Magenta,V-0001,3,PC
486,FIXED GOODS,V-POUCH-ORANGE,Cosmetic Pouch Warna Orange,V-0001,3,PC
487,FIXED GOODS,V-POUCH-PINK,Cosmetic Pouch Warna Pink,V-0001,3,PC
488,FIXED GOODS,V-POUCH-PURPLE,Cosmetic Pouch Warna Purple,V-0001,2,PC
489,FIXED GOODS,V-GANTUNGAN-BENING,Gantungan Hijab Bening,V-0001,0,PC
490,FIXED GOODS,V-GANTUNGAN-ORANGE,Gantungan Hijab Orange,V-0001,20,PC
491,FIXED GOODS,V-GANTUNGAN-PUTIH,Gantungan Hijan Putih,V-0001,20,PC
492,FIXED GOODS,V-FOCALLURE-HIGH1,Focallure 3 Colors Blush & Highlighter Face No1,V-0001,2,PC
493,FIXED GOODS,V-FOCALLURE-HIGH2,Focallure 3 Colors Blush & Highlighter Face No2,V-0001,0,PC
494,FIXED GOODS,V-FOCALLURE-EYEDARK,Focallure Eyebrow Pencil Brows Variasi 1 Dark Grey,V-0001,0,PC
495,FIXED GOODS,V-FOCALLURE-EYEBROWN,Focallure Eyebrow Pencil Brows Variasi 2 Brown,V-0001,0,PC
496,FIXED GOODS,V-FOCALLURE-EYEBLACK,Focallure Eyebrow Pencil Brows Variasi 3 Black,V-0001,4,PC
497,FIXED GOODS,V-FOCALLURE-LIPS1,Focallure Lipstick Matte Pena No. 01,V-0001,3,PC
498,FIXED GOODS,V-FOCALLURE-LIPS2,Focallure Lipstick Matte Pena No. 02,V-0001,13,PC
499,FIXED GOODS,V-FOCALLURE-LIPS3,Focallure Lipstick Matte Pena No. 03,V-0001,7,PC
500,FIXED GOODS,V-FOCALLURE-LIPS4,Focallure Lipstick Matte Pena No. 04,V-0001,4,PC
501,FIXED GOODS,V-FOCALLURE-LIPS5,Focallure Lipstick Matte Pena No. 05,V-0001,8,PC
502,FIXED GOODS,V-FOCALLURE-LIPS6,Focallure Lipstick Matte Pena No. 06,V-0001,1,PC
503,FIXED GOODS,V-FOCALLURE-LIPS7,Focallure Lipstick Matte Pena No. 07,V-0001,7,PC
504,FIXED GOODS,V-FOCALLURE-LIPS8,Focallure Lipstick Matte Pena No. 08,V-0001,0,PC
505,FIXED GOODS,V-FOCALLURE-LIPS9,Focallure Lipstick Matte Pena No. 09,V-0001,7,PC
506,FIXED GOODS,V-FOCALLURE-LIPS10,Focallure Lipstick Matte Pena No. 10,V-0001,0,PC
507,FIXED GOODS,V-FOCALLURE-LIPS11,Focallure Lipstick Matte Pena No. 11,V-0001,7,PC
508,FIXED GOODS,V-FOCALLURE-LIPS12,Focallure Lipstick Matte Pena No. 12,V-0001,6,PC
509,FIXED GOODS,V-FOCALLURE-LIPS13,Focallure Lipstick Matte Pena No. 13,V-0001,10,PC
510,FIXED GOODS,V-FOCALLURE-LIPS14,Focallure Lipstick Matte Pena No. 14,V-0001,9,PC
511,FIXED GOODS,V-FOCALLURE-LIPS15,Focallure Lipstick Matte Pena No. 15,V-0001,5,PC
512,FIXED GOODS,V-FOCALLURE-LIPS16,Focallure Lipstick Matte Pena No. 16,V-0001,4,PC
513,FIXED GOODS,V-FOCALLURE-LIPS17,Focallure Lipstick Matte Pena No. 17,V-0001,7,PC
514,FIXED GOODS,V-FOCALLURE-LIPS18,Focallure Lipstick Matte Pena No. 18,V-0001,2,PC
515,FIXED GOODS,V-FOCALLURE-LIPS19,Focallure Lipstick Matte Pena No. 19,V-0001,10,PC
516,FIXED GOODS,V-FOCALLURE-BEDAK1,Focallure Bedak Tabur Anti Air No 1,V-0001,0,PC
517,FIXED GOODS,V-FOCALLURE-BEDAK2,Focallure Bedak Tabur Anti Air No 2,V-0001,0,PC
518,FIXED GOODS,V-LAKME-LIQMATTE-SUNSET,LAKME CLASSIC REINVENT LIQUID MATTE SUNSET,V-0001,3,PC
519,FIXED GOODS,V-LAKME-LIQMATTE-POSH,LAKME CLASSIC REINVENT LIQUID MATTE POSH,V-0001,2,PC
520,FIXED GOODS,V-LAKME-LIQMATTE-NECTAR,LAKME CLASSIC REINVENT LIQUID MATTE NECTAR,V-0001,2,PC
521,FIXED GOODS,V-LAKME-LIQMATTE-ROSEWOOD,LAKME CLASSIC REINVENT LIQUID MATTE ROSEWOOD,V-0001,2,PC
522,FIXED GOODS,V-LAKME-ARGANNUDE,LAKME ABSOLUTE REINVENT ARGAN OIL LIPSTICK SUNKISSED NUDE,V-0001,1,PC
523,FIXED GOODS,V-LAKME-ARGANPILLOW,LAKME ABSOLUTE REINVENT ARGAN OIL LIPSTICK PILLOW TALK,V-0001,1,PC
524,FIXED GOODS,V-LAKME-EYEBROWCLASSIC-BROWN,LAKME CLASSIC REINVENT EYEBROW PENCIL BROWN,V-0001,10,PC
525,FIXED GOODS,V-LAKME-EYEBROW9TO5-DEEPBLACK,LAKME 9TO5 EYECONIC KAJAL DEEP BLACK,V-0001,2,PC
526,FIXED GOODS,V-LAKME-EYELINER-FINETIP,LAKME EYECONIC LINER PEN FINE TIP,V-0001,6,PC
527,FIXED GOODS,V-LAKME-POWDERFAIR,LAKME CLASSIC SKIN BRIGHTENING COMPACT POWDER FAIR,V-0001,3,PC
528,FIXED GOODS,V-LAKME-MINIMATTE-FLIRTY,LAKME CLASSIC MINI MATTE FLIRTY,V-0001,1,PC
529,FIXED GOODS,V-LAKME-MINIMATTE-PEACHY,LAKME CLASSIC MINI MATTE PEACHY,V-0001,0,PC
530,FIXED GOODS,V-LAKME-MINIMATTE-ROSY,LAKME CLASSIC MINI MATTE ROSY,V-0001,1,PC
531,FIXED GOODS,V-LAKME-SKINBRIGHTENING,LAKME CLASSIC SKIN BRIGHTENING COMPACT POWDER LIGHT,V-0001,2,PC
532,FIXED GOODS,V-LAKME-FOUNDATION-HONEY,LAKME 9TO5 CUSHION FOUNDATION HONEY BRONZE,V-0001,2,PC
533,FIXED GOODS,V-BIOAQUA-CMPR,Masker BIOAQUA Compressed Facial Mask,V-0001,466,PC
534,FIXED GOODS,V-COCOTTE-BLACKMASK,Masker COCOTTEE Black Peel Off Mask,V-0001,0,PC
535,FIXED GOODS,V-VIENNA-MASKERTUBE50,Masker VIENNA Face Mask Peel off Black Mud 50Ml TUBE,V-0001,10,PC
536,FIXED GOODS,V-VIENNA-MASKERSATCHET,Masker VIENNA Sheet Mask,V-0001,0,PC
537,FIXED GOODS,S-AELIA-AMBRE-L,Batik AELIA Cewek AMBRE Size L,S-0001,0,PC
538,FIXED GOODS,S-AELIA-AMBRE-M,Batik AELIA Cewek AMBRE Size M,S-0001,0,PC
539,FIXED GOODS,S-AELIA-AMBRE-S,Batik AELIA Cewek AMBRE Size S,S-0001,0,PC
540,FIXED GOODS,S-AELIA-AMBRE-XL,Batik AELIA Cewek AMBRE Size XL,S-0001,0,PC
541,FIXED GOODS,S-AELIA-ANGELONIA-L,Batik AELIA Cewek ANGELONIA Size L,S-0001,0,PC
542,FIXED GOODS,S-AELIA-ANGELONIA-M,Batik AELIA Cewek ANGELONIA Size M,S-0001,0,PC
543,FIXED GOODS,S-AELIA-ANGELONIA-S,Batik AELIA Cewek ANGELONIA Size S,S-0001,0,PC
544,FIXED GOODS,S-AELIA-ANGELONIA-XL,Batik AELIA Cewek ANGELONIA Size XL,S-0001,0,PC
545,FIXED GOODS,S-AELIA-AZALEA-L,Batik AELIA Cewek AZALEA Size L,S-0001,0,PC
546,FIXED GOODS,S-AELIA-AZALEA-M,Batik AELIA Cewek AZALEA Size M,S-0001,0,PC
547,FIXED GOODS,S-AELIA-AZALEA-S,Batik AELIA Cewek AZALEA Size S,S-0001,0,PC
548,FIXED GOODS,S-AELIA-AZALEA-XL,Batik AELIA Cewek AZALEA Size XL,S-0001,0,PC
549,FIXED GOODS,S-AELIA-BELLADONA-L,Batik AELIA Cewek BELLADONA Size L,S-0001,0,PC
550,FIXED GOODS,S-AELIA-BELLADONA-M,Batik AELIA Cewek BELLADONA Size M,S-0001,0,PC
551,FIXED GOODS,S-AELIA-BELLADONA-S,Batik AELIA Cewek BELLADONA Size S,S-0001,0,PC
552,FIXED GOODS,S-AELIA-BELLADONA-XL,Batik AELIA Cewek BELLADONA Size XL,S-0001,0,PC
553,FIXED GOODS,S-AELIA-BLUEBELL-L,Batik AELIA Cewek BLUEBELL Size L,S-0001,0,PC
554,FIXED GOODS,S-AELIA-BLUEBELL-M,Batik AELIA Cewek BLUEBELL Size M,S-0001,0,PC
555,FIXED GOODS,S-AELIA-BLUEBELL-S,Batik AELIA Cewek BLUEBELL Size S,S-0001,0,PC
556,FIXED GOODS,S-AELIA-BLUEBELL-XL,Batik AELIA Cewek BLUEBELL Size XL,S-0001,0,PC
557,FIXED GOODS,S-AELIA-CAMELIA-L,Batik AELIA Cewek CAMELIA Size L,S-0001,0,PC
558,FIXED GOODS,S-AELIA-CAMELIA-M,Batik AELIA Cewek CAMELIA Size M,S-0001,0,PC
559,FIXED GOODS,S-AELIA-CAMELIA-S,Batik AELIA Cewek CAMELIA Size S,S-0001,0,PC
560,FIXED GOODS,S-AELIA-CAMELIA-XL,Batik AELIA Cewek CAMELIA Size XL,S-0001,0,PC
561,FIXED GOODS,S-AELIA-CELOSIA-L,Batik AELIA Cewek CELOSIA Size L,S-0001,0,PC
562,FIXED GOODS,S-AELIA-CELOSIA-M,Batik AELIA Cewek CELOSIA Size M,S-0001,0,PC
563,FIXED GOODS,S-AELIA-CELOSIA-S,Batik AELIA Cewek CELOSIA Size S,S-0001,0,PC
564,FIXED GOODS,S-AELIA-CELOSIA-XL,Batik AELIA Cewek CELOSIA Size XL,S-0001,0,PC
565,FIXED GOODS,S-AELIA-CLEOME-L,Batik AELIA Cewek CLEOME Size L,S-0001,0,PC
566,FIXED GOODS,S-AELIA-CLEOME-M,Batik AELIA Cewek CLEOME Size M,S-0001,0,PC
567,FIXED GOODS,S-AELIA-CLEOME-S,Batik AELIA Cewek CLEOME Size S,S-0001,0,PC
568,FIXED GOODS,S-AELIA-CLEOME-XL,Batik AELIA Cewek CLEOME Size XL,S-0001,0,PC
569,FIXED GOODS,S-AELIA-CORAL-L,Batik AELIA Cewek CORAL Size L,S-0001,0,PC
570,FIXED GOODS,S-AELIA-CORAL-M,Batik AELIA Cewek CORAL Size M,S-0001,0,PC
571,FIXED GOODS,S-AELIA-CORAL-S,Batik AELIA Cewek CORAL Size S,S-0001,0,PC
572,FIXED GOODS,S-AELIA-CORAL-XL,Batik AELIA Cewek CORAL Size XL,S-0001,0,PC
573,FIXED GOODS,S-AELIA-DAHLIA-L,Batik AELIA Cewek DAHLIA Size L,S-0001,0,PC
574,FIXED GOODS,S-AELIA-DAHLIA-M,Batik AELIA Cewek DAHLIA Size M,S-0001,0,PC
575,FIXED GOODS,S-AELIA-DAHLIA-S,Batik AELIA Cewek DAHLIA Size S,S-0001,0,PC
576,FIXED GOODS,S-AELIA-DAHLIA-XL,Batik AELIA Cewek DAHLIA Size XL,S-0001,0,PC
577,FIXED GOODS,S-AELIA-DELFINIUM-L,Batik AELIA Cewek DELFINIUM Size L,S-0001,0,PC
578,FIXED GOODS,S-AELIA-DELFINIUM-M,Batik AELIA Cewek DELFINIUM Size M,S-0001,0,PC
579,FIXED GOODS,S-AELIA-DELFINIUM-S,Batik AELIA Cewek DELFINIUM Size S,S-0001,0,PC
580,FIXED GOODS,S-AELIA-DELFINIUM-XL,Batik AELIA Cewek DELFINIUM Size XL,S-0001,0,PC
581,FIXED GOODS,S-AELIA-FLAX-L,Batik AELIA Cewek FLAX Size L,S-0001,0,PC
582,FIXED GOODS,S-AELIA-FLAX-M,Batik AELIA Cewek FLAX Size M,S-0001,0,PC
583,FIXED GOODS,S-AELIA-FLAX-S,Batik AELIA Cewek FLAX Size S,S-0001,0,PC
584,FIXED GOODS,S-AELIA-FLAX(XL,Batik AELIA Cewek FLAX Size XL,S-0001,0,PC
585,FIXED GOODS,S-AELIA-FRESSIA-L,Batik AELIA Cewek FRESSIA Size L,S-0001,0,PC
586,FIXED GOODS,S-AELIA-FRESSIA-M,Batik AELIA Cewek FRESSIA Size M,S-0001,0,PC
587,FIXED GOODS,S-AELIA-FRESSIA-S,Batik AELIA Cewek FRESSIA Size S,S-0001,0,PC
588,FIXED GOODS,S-AELIA-FRESSIA-XL,Batik AELIA Cewek FRESSIA Size XL,S-0001,0,PC
589,FIXED GOODS,S-AELIA-GLOXINIA-L,Batik AELIA Cewek GLOXINIA Size L,S-0001,0,PC
590,FIXED GOODS,S-AELIA-GLOXINIA-M,Batik AELIA Cewek GLOXINIA Size M,S-0001,0,PC
591,FIXED GOODS,S-AELIA-GLOXINIA-S,Batik AELIA Cewek GLOXINIA Size S,S-0001,0,PC
592,FIXED GOODS,S-AELIA-GLOXINIA-XL,Batik AELIA Cewek GLOXINIA Size XL,S-0001,0,PC
593,FIXED GOODS,S-AELIA-GYPSOPHILA-L,Batik AELIA Cewek GYPSOPHILAOPHILA Size L,S-0001,0,PC
594,FIXED GOODS,S-AELIA-GYPSOPHILA-M,Batik AELIA Cewek GYPSOPHILAOPHILA Size M,S-0001,0,PC
595,FIXED GOODS,S-AELIA-GYPSOPHILA-S,Batik AELIA Cewek GYPSOPHILAOPHILA Size S,S-0001,0,PC
596,FIXED GOODS,S-AELIA-GYPSOPHILA-XL,Batik AELIA Cewek GYPSOPHILAOPHILA Size XL,S-0001,0,PC
597,FIXED GOODS,S-AELIA-HELICONIA-L,Batik AELIA Cewek HELICONIACONIA Size L,S-0001,0,PC
598,FIXED GOODS,S-AELIA-HELICONIA-M,Batik AELIA Cewek HELICONIACONIA Size M,S-0001,0,PC
599,FIXED GOODS,S-AELIA-HELICONIA-S,Batik AELIA Cewek HELICONIACONIA Size S,S-0001,0,PC
600,FIXED GOODS,S-AELIA-HELICONIA-XL,Batik AELIA Cewek HELICONIACONIA Size XL,S-0001,0,PC
601,FIXED GOODS,S-AELIA-IRIS-L,Batik AELIA Cewek IRIS Size L,S-0001,0,PC
602,FIXED GOODS,S-AELIA-IRIS-M,Batik AELIA Cewek IRIS Size M,S-0001,0,PC
603,FIXED GOODS,S-AELIA-IRIS-S,Batik AELIA Cewek IRIS Size S,S-0001,0,PC
604,FIXED GOODS,S-AELIA-IRIS-XL,Batik AELIA Cewek IRIS Size XL,S-0001,0,PC
605,FIXED GOODS,S-AELIA-LAVATERA-L,Batik AELIA Cewek LAVATERA Size L,S-0001,0,PC
606,FIXED GOODS,S-AELIA-LAVATERA-M,Batik AELIA Cewek LAVATERA Size M,S-0001,0,PC
607,FIXED GOODS,S-AELIA-LAVATERA-S,Batik AELIA Cewek LAVATERA Size S,S-0001,0,PC
608,FIXED GOODS,S-AELIA-LAVATERA-XL,Batik AELIA Cewek LAVATERA Size XL,S-0001,0,PC
609,FIXED GOODS,S-AELIA-LOBELIA-L,Batik AELIA Cewek LOBELIA Size L,S-0001,0,PC
610,FIXED GOODS,S-AELIA-LOBELIA-M,Batik AELIA Cewek LOBELIA Size M,S-0001,0,PC
611,FIXED GOODS,S-AELIA-LOBELIA-S,Batik AELIA Cewek LOBELIA Size S,S-0001,0,PC
612,FIXED GOODS,S-AELIA-LOBELIA-XL,Batik Aelia Cewek Lobelia Size XL,S-0001,0,PC
613,FIXED GOODS,S-AELIA-LUPINE-L,Batik AELIA Cewek LUPINE Size L,S-0001,0,PC
614,FIXED GOODS,S-AELIA-LUPINE-M,Batik AELIA Cewek LUPINE Size M,S-0001,0,PC
615,FIXED GOODS,S-AELIA-LUPINE-S,Batik AELIA Cewek LUPINE Size S,S-0001,0,PC
616,FIXED GOODS,S-AELIA-LUPINE-XL,Batik AELIA Cewek LUPINE Size XL,S-0001,0,PC
617,FIXED GOODS,S-AELIA-MAGNOLIA-L,Batik AELIA Cewek MAGNOLIA Size L,S-0001,0,PC
618,FIXED GOODS,S-AELIA-MAGNOLIA-M,Batik AELIA Cewek MAGNOLIA Size M,S-0001,0,PC
619,FIXED GOODS,S-AELIA-MAGNOLIA-S,Batik AELIA Cewek MAGNOLIA Size S,S-0001,0,PC
620,FIXED GOODS,S-AELIA-MAGNOLIA-XL,Batik AELIA Cewek MAGNOLIA Size XL,S-0001,0,PC
621,FIXED GOODS,S-AELIA-MALLOW-L,Batik AELIA Cewek MALLOW Size L,S-0001,0,PC
622,FIXED GOODS,S-AELIA-MALLOW-M,Batik AELIA Cewek MALLOW Size M,S-0001,0,PC
623,FIXED GOODS,S-AELIA-MALLOW-S,Batik AELIA Cewek MALLOW Size S,S-0001,0,PC
624,FIXED GOODS,S-AELIA-MALLOW-XL,Batik AELIA Cewek MALLOW Size XL,S-0001,0,PC
625,FIXED GOODS,S-AELIA-MARIGOLD-L,Batik AELIA Cewek MARIGOLD Size L,S-0001,1,PC
626,FIXED GOODS,S-AELIA-MARIGOLD-M,Batik AELIA Cewek MARIGOLD Size M,S-0001,0,PC
627,FIXED GOODS,S-AELIA-MARIGOLD-S,Batik AELIA Cewek MARIGOLD Size S,S-0001,0,PC
628,FIXED GOODS,S-AELIA-MARIGOLD-XL,Batik AELIA Cewek MARIGOLD Size XL,S-0001,0,PC
629,FIXED GOODS,S-AELIA-MAYA-L,Batik AELIA Cewek MAYA Size L,S-0001,0,PC
630,FIXED GOODS,S-AELIA-MAYA-M,Batik AELIA Cewek MAYA Size M,S-0001,0,PC
631,FIXED GOODS,S-AELIA-MAYA-S,Batik AELIA Cewek MAYA Size S,S-0001,0,PC
632,FIXED GOODS,S-AELIA-MAYA-XL,Batik AELIA Cewek MAYA Size XL,S-0001,0,PC
633,FIXED GOODS,S-AELIA-MICHELICONIAA-L,Batik AELIA Cewek MICHELIA Size L,S-0001,0,PC
634,FIXED GOODS,S-AELIA-MICHELICONIAA-M,Batik AELIA Cewek MICHELIA Size M,S-0001,0,PC
635,FIXED GOODS,S-AELIA-MICHELICONIAA-S,Batik AELIA Cewek MICHELIA Size S,S-0001,0,PC
636,FIXED GOODS,S-AELIA-MICHELICONIAA-XL,Batik AELIA Cewek MICHELIA Size XL,S-0001,0,PC
637,FIXED GOODS,S-AELIA-NEMOPHILIA-L,Batik AELIA Cewek NEMOPHILA Size L,S-0001,0,PC
638,FIXED GOODS,S-AELIA-NEMOPHILIA-M,Batik AELIA Cewek NEMOPHILA Size M,S-0001,0,PC
639,FIXED GOODS,S-AELIA-NEMOPHILIA-S,Batik AELIA Cewek NEMOPHILA Size S,S-0001,0,PC
640,FIXED GOODS,S-AELIA-NEMOPHILIA-XL,Batik AELIA Cewek NEMOPHILA Size XL,S-0001,0,PC
641,FIXED GOODS,S-AELIA-PEONY-L,Batik AELIA Cewek PEONY Size L,S-0001,0,PC
642,FIXED GOODS,S-AELIA-PEONY-M,Batik AELIA Cewek PEONY Size M,S-0001,0,PC
643,FIXED GOODS,S-AELIA-PEONY-S,Batik AELIA Cewek PEONY Size S,S-0001,0,PC
644,FIXED GOODS,S-AELIA-PEONY-XL,Batik AELIA Cewek PEONY Size XL,S-0001,0,PC
645,FIXED GOODS,S-AELIA-PRIMROSE-L,Batik AELIA Cewek PRIMROSE Size L,S-0001,0,PC
646,FIXED GOODS,S-AELIA-PRIMROSE-M,Batik AELIA Cewek PRIMROSE Size M,S-0001,0,PC
647,FIXED GOODS,S-AELIA-PRIMROSE-S,Batik AELIA Cewek PRIMROSE Size S,S-0001,0,PC
648,FIXED GOODS,S-AELIA-PRIMROSE-XL,Batik AELIA Cewek PRIMROSE Size XL,S-0001,0,PC
649,FIXED GOODS,S-AELIA-PROTEA-L,Batik AELIA Cewek PROTEA Size L,S-0001,0,PC
650,FIXED GOODS,S-AELIA-PROTEA-M,Batik AELIA Cewek PROTEA Size M,S-0001,0,PC
651,FIXED GOODS,S-AELIA-PROTEA-S,Batik AELIA Cewek PROTEA Size S,S-0001,0,PC
652,FIXED GOODS,S-AELIA-PROTEA-XL,Batik AELIA Cewek PROTEA Size XL,S-0001,0,PC
653,FIXED GOODS,S-AELIA-SALVIA-L,Batik AELIA Cewek SALVIA Size L,S-0001,0,PC
654,FIXED GOODS,S-AELIA-SALVIA-M,Batik AELIA Cewek SALVIA Size M,S-0001,0,PC
655,FIXED GOODS,S-AELIA-SALVIA-S,Batik AELIA Cewek SALVIA Size S,S-0001,0,PC
656,FIXED GOODS,S-AELIA-SALVIA-XL,Batik AELIA Cewek SALVIA Size XL,S-0001,0,PC
657,FIXED GOODS,S-AELIA-SHEA-L,Batik AELIA Cewek SHEA Size L,S-0001,0,PC
658,FIXED GOODS,S-AELIA-SHEA-M,Batik AELIA Cewek SHEA Size M,S-0001,0,PC
659,FIXED GOODS,S-AELIA-SHEA-S,Batik AELIA Cewek SHEA Size S,S-0001,0,PC
660,FIXED GOODS,S-AELIA-SHEA-XL,Batik AELIA Cewek SHEA Size XL,S-0001,0,PC
661,FIXED GOODS,S-AELIA-VANDA-L,Batik AELIA Cewek VANDA Size L,S-0001,0,PC
662,FIXED GOODS,S-AELIA-VANDA-M,Batik AELIA Cewek VANDA Size M,S-0001,0,PC
663,FIXED GOODS,S-AELIA-VANDA-S,Batik AELIA Cewek VANDA Size S,S-0001,0,PC
664,FIXED GOODS,S-AELIA-VANDA-XL,Batik AELIA Cewek VANDA Size XL,S-0001,0,PC
665,FIXED GOODS,S-AELIA-VERBENA-L,Batik AELIA Cewek VERBENA Size L,S-0001,0,PC
666,FIXED GOODS,S-AELIA-VERBENA-M,Batik AELIA Cewek VERBENA Size M,S-0001,0,PC
667,FIXED GOODS,S-AELIA-VERBENA-S,Batik AELIA Cewek VERBENA Size S,S-0001,0,PC
668,FIXED GOODS,S-AELIA-VERBENA-XL,Batik AELIA Cewek VERBENA Size XL,S-0001,0,PC
669,FIXED GOODS,S-AELIA-VICTORIANA-L,Batik AELIA Cewek VICTORIANA Size L,S-0001,0,PC
670,FIXED GOODS,S-AELIA-VICTORIANA-M,Batik AELIA Cewek VICTORIANA Size M,S-0001,0,PC
671,FIXED GOODS,S-AELIA-VICTORIANA-S,Batik AELIA Cewek VICTORIANA Size S,S-0001,0,PC
672,FIXED GOODS,S-AELIA-VICTORIANA-XL,Batik AELIA Cewek VICTORIANA Size XL,S-0001,0,PC
673,FIXED GOODS,S-AELIA-VINCA-L,Batik AELIA Cewek VINCA Size L,S-0001,0,PC
674,FIXED GOODS,S-AELIA-VINCA-M,Batik AELIA Cewek VINCA Size M,S-0001,0,PC
675,FIXED GOODS,S-AELIA-VINCA-S,Batik AELIA Cewek VINCA Size S,S-0001,0,PC
676,FIXED GOODS,S-AELIA-VINCA-XL,Batik AELIA Cewek VINCA Size XL,S-0001,0,PC
677,FIXED GOODS,S-AELIA-VIOLA-L,Batik AELIA Cewek VIOLA Size L,S-0001,0,PC
678,FIXED GOODS,S-AELIA-VIOLA-M,Batik AELIA Cewek VIOLA Size M,S-0001,0,PC
679,FIXED GOODS,S-AELIA-VIOLA-S,Batik AELIA Cewek VIOLA Size S,S-0001,0,PC
680,FIXED GOODS,S-AELIA-VIOLA-XL,Batik AELIA Cewek VIOLA Size XL,S-0001,0,PC
681,FIXED GOODS,S-AELIA-VULGARIS-L,Batik AELIA Cewek VULGARIS Size L,S-0001,0,PC
682,FIXED GOODS,S-AELIA-VULGARIS-M,Batik AELIA Cewek VULGARIS Size M,S-0001,0,PC
683,FIXED GOODS,S-AELIA-VULGARIS-S,Batik AELIA Cewek VULGARIS Size S,S-0001,0,PC
684,FIXED GOODS,S-AELIA-VULGARIS-XL,Batik AELIA Cewek VULGARIS Size XL,S-0001,0,PC
685,FIXED GOODS,S-AELIA-ZINNIA-L,Batik AELIA Cewek ZINNIA Size L,S-0001,0,PC
686,FIXED GOODS,S-AELIA-ZINNIA-M,Batik AELIA Cewek ZINNIA Size M,S-0001,0,PC
687,FIXED GOODS,S-AELIA-ZINNIA-S,Batik AELIA Cewek Zinnia Size S,S-0001,0,PC
688,FIXED GOODS,S-AELIA-ZINNIA-XL,Batik AELIA Cewek Zinnia Size XL,S-0001,0,PC
689,FIXED GOODS,S-ARPISA-M,DRESS BALIN ARPISA Size M,S-0001,0,PC
690,FIXED GOODS,S-DUCKBILL-GKB1,GUNTING KUKU BAYI DUCKBILL-1,S-0001,0,PC
691,FIXED GOODS,S-DUCKBILL-GKB2,GUNTING KUKU BAYI DUCKBILL-2,S-0001,0,PC
692,FIXED GOODS,S-RYAN-CDXXXL,CELANA DALAM RYAN XXXL,S-0001,0,PC
693,FIXED GOODS,S-CARTERS-SB(0-3BL),CARTERS SEPATU BAYI 0-3BULAN,S-0001,0,PC
694,FIXED GOODS,S-LYNEA-SIBOT,SIKAT BOTOL BAYI LYNEA,S-0001,0,PC
695,FIXED GOODS,S-NN-KKB(XS),KAOS KAKI BAYI ISI 3 XS,S-0001,0,PC
696,FIXED GOODS,S-NN-PEL(LNGN),PELAMPUNG LENGAN,S-0001,0,PC
697,FIXED GOODS,S-PIGEON-DBS,DOT BOTOL SUSU BAYI PIGEON,S-0001,0,PC
698,FIXED GOODS,S-ICHIGO-MERKUN(XS),CELANA ICHIGO XS MERAH KUNING,S-0001,0,PC
699,AGED GOODS,S-LEMONILO-BUMBUAYAMGR90GR,LEMONILO BUMBU KOMPLIT ALAMI AYAM GORENG LENGKUAS 90 GRAM,S-0001,0,PC
700,AGED GOODS,S-LEMONILO-BUMBUTEPUNGKR104GR,LEMONILO BUMBU KOMPLIT ALAMI TEPUNG KREMES 104 GRAM,S-0001,0,PC
701,AGED GOODS,S-LEMONILO-BUMBUTEPUNGNASGOR48GR,LEMONILO BUMBU KOMPLIT ALAMI NASI GORENG 48 GRAM,S-0001,0,PC
702,AGED GOODS,S-LEMONILO-KALDUJAMUR80GR,LEMONILO KALDU PELEZAT ALAMI JAMUR 80GR,S-0001,0,PC
703,AGED GOODS,S-LEMONILO-KALDUSAPI80GR,LEMONILO KALDU PELEZAT ALAMI SAPI 80GR,S-0001,0,PC
704,AGED GOODS,S-LEMONILO-KALDUAYAM80GR,LEMONILO KALDU PELEZAT AYAM KAMPUNG 80GR,S-0001,0,PC
705,AGED GOODS,S-LEMONILO-KECAPMANIS135ML,LEMONILO KECAP MANIS 135ML,S-0001,0,PC
706,AGED GOODS,S-LEMONILO-VIRGINOIL100ML,LEMONILO 100% ORGANIC EXTRA VIRGIN COCONUT OIL 100ML,S-0001,0,PC
